{"cameraMode":{"drawMode":0,"name":"Shaded","section":"Shading Mode"},"sceneLighting":true,"audioPlay":false,"sceneViewState":{"showFog":true,"showMaterialUpdate":false,"showSkybox":true,"showFlares":true,"showImageEffects":true,"showParticleSystems":true},"in2DMode":false,"pivot":{"x":-131.35952758789063,"y":81.19172668457031,"z":109.70826721191406},"rotation":{"x":0.07303052395582199,"y":0.18589253723621369,"z":-0.013840548694133759,"w":0.979766845703125},"size":327.9687805175781,"orthographic":false}