{"cameraMode":{"drawMode":0,"name":"Shaded","section":"Shading Mode"},"sceneLighting":true,"audioPlay":false,"sceneViewState":{"showFog":true,"showMaterialUpdate":false,"showSkybox":true,"showFlares":true,"showImageEffects":true,"showParticleSystems":true},"in2DMode":false,"pivot":{"x":60.52803039550781,"y":-99.17771911621094,"z":217.6464385986328},"rotation":{"x":0.3047625422477722,"y":-0.13370975852012635,"z":0.04325857758522034,"w":0.9420034289360046},"size":213.69166564941407,"orthographic":false}