{"cameraMode":{"drawMode":0,"name":"Shaded","section":"Shading Mode"},"sceneLighting":true,"audioPlay":false,"sceneViewState":{"showFog":true,"showMaterialUpdate":false,"showSkybox":true,"showFlares":true,"showImageEffects":true,"showParticleSystems":true},"in2DMode":false,"pivot":{"x":115.37673950195313,"y":63.20291519165039,"z":45.15515899658203},"rotation":{"x":0.3246643841266632,"y":0.03545726090669632,"z":-0.012180604971945286,"w":0.945087194442749},"size":2.1860811710357668,"orthographic":false}