{"cameraMode":{"drawMode":0,"name":"Shaded","section":"Shading Mode"},"sceneLighting":false,"audioPlay":false,"sceneViewState":{"showFog":true,"showMaterialUpdate":false,"showSkybox":true,"showFlares":true,"showImageEffects":true,"showParticleSystems":true},"in2DMode":false,"pivot":{"x":395.9800109863281,"y":299.7174987792969,"z":4.033026695251465},"rotation":{"x":-0.1358022391796112,"y":0.7420203685760498,"z":-0.15815602242946626,"w":-0.6371428966522217},"size":272.1272888183594,"orthographic":false}