{"cameraMode":{"drawMode":0,"name":"Shaded","section":"Shading Mode"},"sceneLighting":true,"audioPlay":false,"sceneViewState":{"showFog":true,"showMaterialUpdate":false,"showSkybox":true,"showFlares":true,"showImageEffects":true,"showParticleSystems":true},"in2DMode":false,"pivot":{"x":115.04296875,"y":9.755101203918457,"z":51.92613220214844},"rotation":{"x":0.004899519495666027,"y":0.7571020722389221,"z":-0.005678369197994471,"w":0.6532538533210754},"size":14.28469181060791,"orthographic":true}