{"cameraMode":{"drawMode":0,"name":"Shaded","section":"Shading Mode"},"sceneLighting":true,"audioPlay":false,"sceneViewState":{"showFog":true,"showMaterialUpdate":false,"showSkybox":true,"showFlares":true,"showImageEffects":true,"showParticleSystems":true},"in2DMode":false,"pivot":{"x":-14.833639144897461,"y":58.47329330444336,"z":117.10420227050781},"rotation":{"x":0.1870308369398117,"y":0.5471665263175964,"z":-0.126931294798851,"w":0.8059546947479248},"size":7.7870330810546879,"orthographic":false}