{"cameraMode":{"drawMode":0,"name":"Shaded","section":"Shading Mode"},"sceneLighting":true,"audioPlay":false,"sceneViewState":{"showFog":true,"showMaterialUpdate":false,"showSkybox":true,"showFlares":true,"showImageEffects":true,"showParticleSystems":true},"in2DMode":false,"pivot":{"x":114.53700256347656,"y":58.32449722290039,"z":47.48258590698242},"rotation":{"x":0.6314145922660828,"y":0.005815622862428427,"z":-0.004735660273581743,"w":0.7754104733467102},"size":10.482085227966309,"orthographic":false}