{"cameraMode":{"drawMode":0,"name":"Shaded","section":"Shading Mode"},"sceneLighting":true,"audioPlay":false,"sceneViewState":{"showFog":true,"showMaterialUpdate":false,"showSkybox":true,"showFlares":true,"showImageEffects":true,"showParticleSystems":true},"in2DMode":false,"pivot":{"x":100.79686737060547,"y":13.861833572387696,"z":37.55025863647461},"rotation":{"x":-0.2945558428764343,"y":0.2193203866481781,"z":-0.06965852528810501,"w":-0.9275269508361816},"size":5.585982799530029,"orthographic":false}