{"cameraMode":{"drawMode":0,"name":"Shaded","section":"Shading Mode"},"sceneLighting":true,"audioPlay":false,"sceneViewState":{"showFog":true,"showMaterialUpdate":false,"showSkybox":true,"showFlares":true,"showImageEffects":true,"showParticleSystems":true},"in2DMode":false,"pivot":{"x":16.3916015625,"y":3.24462890625,"z":26.529052734375},"rotation":{"x":-0.2509799599647522,"y":0.4641435444355011,"z":-0.13903865218162538,"w":-0.8380394577980042},"size":4.617631912231445,"orthographic":true}