{"cameraMode":{"drawMode":0,"name":"Shaded","section":"Shading Mode"},"sceneLighting":true,"audioPlay":false,"sceneViewState":{"showFog":true,"showMaterialUpdate":false,"showSkybox":true,"showFlares":true,"showImageEffects":true,"showParticleSystems":true},"in2DMode":false,"pivot":{"x":114.32017517089844,"y":58.24763870239258,"z":49.537384033203128},"rotation":{"x":0.5520287752151489,"y":0.07357004284858704,"z":-0.04898247867822647,"w":0.8291286826133728},"size":10.28563404083252,"orthographic":false}